Study_zone	means	sd
1	Celestún	644.883871856868	435.483044771069
2	Laguna Cacahuate	540.026789425991	526.082783552754
3	Rio San Pedro	565.912470374726	598.663577647465
